sample_id,procedure,calibration_stage,result
CS1,MP1,before,31
CS1,MP2,before,30
CS1,MP3,before,36
CS1,MP4,before,49
CS1,MP5,before,23
CS1,MP6,before,24
CS1,MP7,before,26
CS2,MP1,before,34
CS2,MP2,before,39
CS2,MP3,before,43
CS2,MP4,before,54
CS2,MP5,before,23
CS2,MP6,before,27
CS2,MP7,before,31
CS3,MP1,before,38
CS3,MP2,before,42
CS3,MP3,before,46
CS3,MP4,before,58
CS3,MP5,before,25
CS3,MP6,before,31
CS3,MP7,before,33
CS4,MP1,before,40
CS4,MP2,before,47
CS4,MP3,before,49
CS4,MP4,before,65
CS4,MP5,before,29
CS4,MP6,before,34
CS4,MP7,before,39
CS5,MP1,before,44
CS5,MP2,before,46
CS5,MP3,before,49
CS5,MP4,before,63
CS5,MP5,before,29
CS5,MP6,before,34
CS5,MP7,before,38
CS6,MP1,before,46
CS6,MP2,before,51
CS6,MP3,before,60
CS6,MP4,before,71
CS6,MP5,before,34
CS6,MP6,before,35
CS6,MP7,before,41
CS7,MP1,before,49
CS7,MP2,before,48
CS7,MP3,before,82
CS7,MP4,before,67
CS7,MP5,before,31
CS7,MP6,before,34
CS7,MP7,before,40
CS8,MP1,before,49
CS8,MP2,before,52
CS8,MP3,before,60
CS8,MP4,before,72
CS8,MP5,before,34
CS8,MP6,before,37
CS8,MP7,before,43
CS9,MP1,before,47
CS9,MP2,before,56
CS9,MP3,before,62
CS9,MP4,before,74
CS9,MP5,before,33
CS9,MP6,before,39
CS9,MP7,before,44
CS10,MP1,before,48
CS10,MP2,before,55
CS10,MP3,before,60
CS10,MP4,before,75
CS10,MP5,before,36
CS10,MP6,before,40
CS10,MP7,before,46
CS11,MP1,before,51
CS11,MP2,before,57
CS11,MP3,before,60
CS11,MP4,before,78
CS11,MP5,before,36
CS11,MP6,before,44
CS11,MP7,before,45
CS12,MP1,before,58
CS12,MP2,before,57
CS12,MP3,before,62
CS12,MP4,before,79
CS12,MP5,before,36
CS12,MP6,before,42
CS12,MP7,before,47
CS13,MP1,before,57
CS13,MP2,before,64
CS13,MP3,before,60
CS13,MP4,before,82
CS13,MP5,before,36
CS13,MP6,before,43
CS13,MP7,before,51
CS14,MP1,before,57
CS14,MP2,before,47
CS14,MP3,before,67
CS14,MP4,before,95
CS14,MP5,before,49
CS14,MP6,before,58
CS14,MP7,before,35
CS15,MP1,before,55
CS15,MP2,before,66
CS15,MP3,before,68
CS15,MP4,before,84
CS15,MP5,before,39
CS15,MP6,before,46
CS15,MP7,before,50
CS16,MP1,before,57
CS16,MP2,before,63
CS16,MP3,before,76
CS16,MP4,before,85
CS16,MP5,before,41
CS16,MP6,before,45
CS16,MP7,before,52
CS17,MP1,before,63
CS17,MP2,before,65
CS17,MP3,before,70
CS17,MP4,before,87
CS17,MP5,before,41
CS17,MP6,before,48
CS17,MP7,before,52
CS18,MP1,before,62
CS18,MP2,before,66
CS18,MP3,before,67
CS18,MP4,before,91
CS18,MP5,before,45
CS18,MP6,before,51
CS18,MP7,before,56
CS19,MP1,before,59
CS19,MP2,before,67
CS19,MP3,before,74
CS19,MP4,before,89
CS19,MP5,before,44
CS19,MP6,before,50
CS19,MP7,before,57
CS20,MP1,before,70
CS20,MP2,before,69
CS20,MP3,before,77
CS20,MP4,before,92
CS20,MP5,before,45
CS20,MP6,before,49
CS20,MP7,before,59
CS21,MP1,before,65
CS21,MP2,before,73
CS21,MP3,before,86
CS21,MP4,before,96
CS21,MP5,before,47
CS21,MP6,before,53
CS21,MP7,before,59
CS22,MP1,before,69
CS22,MP2,before,74
CS22,MP3,before,79
CS22,MP4,before,100
CS22,MP5,before,50
CS22,MP6,before,54
CS22,MP7,before,62
CS23,MP1,before,70
CS23,MP2,before,76
CS23,MP3,before,79
CS23,MP4,before,98
CS23,MP5,before,47
CS23,MP6,before,53
CS23,MP7,before,61
CS24,MP1,before,65
CS24,MP2,before,78
CS24,MP3,before,82
CS24,MP4,before,102
CS24,MP5,before,49
CS24,MP6,before,53
CS24,MP7,before,66
CS25,MP1,before,69
CS25,MP2,before,80
CS25,MP3,before,90
CS25,MP4,before,105
CS25,MP5,before,50
CS25,MP6,before,60
CS25,MP7,before,66
CS26,MP1,before,73
CS26,MP2,before,74
CS26,MP3,before,94
CS26,MP4,before,106
CS26,MP5,before,55
CS26,MP6,before,63
CS26,MP7,before,65
CS27,MP1,before,73
CS27,MP2,before,86
CS27,MP3,before,89
CS27,MP4,before,111
CS27,MP5,before,54
CS27,MP6,before,53
CS27,MP7,before,71
CS28,MP1,before,80
CS28,MP2,before,79
CS28,MP3,before,97
CS28,MP4,before,108
CS28,MP5,before,44
CS28,MP6,before,57
CS28,MP7,before,67
CS29,MP1,before,72
CS29,MP2,before,84
CS29,MP3,before,97
CS29,MP4,before,106
CS29,MP5,before,50
CS29,MP6,before,60
CS29,MP7,before,68
CS30,MP1,before,81
CS30,MP2,before,88
CS30,MP3,before,97
CS30,MP4,before,115
CS30,MP5,before,60
CS30,MP6,before,65
CS30,MP7,before,68
CS31,MP1,before,78
CS31,MP2,before,95
CS31,MP3,before,92
CS31,MP4,before,118
CS31,MP5,before,56
CS31,MP6,before,63
CS31,MP7,before,73
CS32,MP1,before,83
CS32,MP2,before,87
CS32,MP3,before,91
CS32,MP4,before,117
CS32,MP5,before,58
CS32,MP6,before,67
CS32,MP7,before,74
CS33,MP1,before,83
CS33,MP2,before,95
CS33,MP3,before,108
CS33,MP4,before,121
CS33,MP5,before,59
CS33,MP6,before,70
CS33,MP7,before,77
CS34,MP1,before,85
CS34,MP2,before,98
CS34,MP3,before,108
CS34,MP4,before,123
CS34,MP5,before,60
CS34,MP6,before,69
CS34,MP7,before,74
CS35,MP1,before,87
CS35,MP2,before,99
CS35,MP3,before,119
CS35,MP4,before,127
CS35,MP5,before,66
CS35,MP6,before,76
CS35,MP7,before,78
CS36,MP1,before,94
CS36,MP2,before,117
CS36,MP3,before,115
CS36,MP4,before,145
CS36,MP5,before,70
CS36,MP6,before,85
CS36,MP7,before,81
CS37,MP1,before,101
CS37,MP2,before,107
CS37,MP3,before,119
CS37,MP4,before,136
CS37,MP5,before,69
CS37,MP6,before,85
CS37,MP7,before,82
CS38,MP1,before,104
CS38,MP2,before,112
CS38,MP3,before,131
CS38,MP4,before,147
CS38,MP5,before,76
CS38,MP6,before,85
CS38,MP7,before,84
CS39,MP1,before,109
CS39,MP2,before,121
CS39,MP3,before,131
CS39,MP4,before,156
CS39,MP5,before,81
CS39,MP6,before,93
CS39,MP7,before,87
CS40,MP1,before,119
CS40,MP2,before,130
CS40,MP3,before,138
CS40,MP4,before,160
CS40,MP5,before,83
CS40,MP6,before,96
CS40,MP7,before,88
CS1,MP1,after,30.8
CS1,MP2,after,27.7
CS1,MP3,after,30
CS1,MP4,after,31.9
CS1,MP5,after,33.9
CS1,MP6,after,23.8
CS1,MP7,after,28.1
CS2,MP1,after,33.8
CS2,MP2,after,35.9
CS2,MP3,after,35.8
CS2,MP4,after,35.4
CS2,MP5,after,33.9
CS2,MP6,after,26.8
CS2,MP7,after,33.8
CS3,MP1,after,37.8
CS3,MP2,after,38.6
CS3,MP3,after,38.3
CS3,MP4,after,38.1
CS3,MP5,after,36.8
CS3,MP6,after,30.7
CS3,MP7,after,36
CS4,MP1,after,39.8
CS4,MP2,after,43.1
CS4,MP3,after,40.8
CS4,MP4,after,43
CS4,MP5,after,42.4
CS4,MP6,after,33.6
CS4,MP7,after,42.9
CS5,MP1,after,43.8
CS5,MP2,after,42.2
CS5,MP3,after,40.8
CS5,MP4,after,41.6
CS5,MP5,after,42.4
CS5,MP6,after,33.6
CS5,MP7,after,41.8
CS6,MP1,after,45.8
CS6,MP2,after,46.7
CS6,MP3,after,49.8
CS6,MP4,after,47.2
CS6,MP5,after,49.4
CS6,MP6,after,34.5
CS6,MP7,after,45.2
CS7,MP1,after,48.8
CS7,MP2,after,44
CS7,MP3,after,67.8
CS7,MP4,after,44.4
CS7,MP5,after,45.2
CS7,MP6,after,33.6
CS7,MP7,after,44.1
CS8,MP1,after,48.8
CS8,MP2,after,47.6
CS8,MP3,after,49.8
CS8,MP4,after,47.9
CS8,MP5,after,49.4
CS8,MP6,after,36.4
CS8,MP7,after,47.6
CS9,MP1,after,46.8
CS9,MP2,after,51.2
CS9,MP3,after,51.5
CS9,MP4,after,49.3
CS9,MP5,after,48
CS9,MP6,after,38.4
CS9,MP7,after,48.7
CS10,MP1,after,47.8
CS10,MP2,after,50.3
CS10,MP3,after,49.8
CS10,MP4,after,50
CS10,MP5,after,52.2
CS10,MP6,after,39.3
CS10,MP7,after,51.1
CS11,MP1,after,50.8
CS11,MP2,after,52.1
CS11,MP3,after,49.8
CS11,MP4,after,52.2
CS11,MP5,after,52.2
CS11,MP6,after,43.1
CS11,MP7,after,49.9
CS12,MP1,after,57.9
CS12,MP2,after,52.1
CS12,MP3,after,51.5
CS12,MP4,after,52.9
CS12,MP5,after,52.2
CS12,MP6,after,41.2
CS12,MP7,after,52.3
CS13,MP1,after,56.9
CS13,MP2,after,58.4
CS13,MP3,after,49.8
CS13,MP4,after,55.1
CS13,MP5,after,52.2
CS13,MP6,after,42.2
CS13,MP7,after,57
CS14,MP1,after,56.9
CS14,MP2,after,43.1
CS14,MP3,after,55.5
CS14,MP4,after,64.6
CS14,MP5,after,70
CS14,MP6,after,56.4
CS14,MP7,after,38.3
CS15,MP1,after,54.9
CS15,MP2,after,60.2
CS15,MP3,after,56.4
CS15,MP4,after,56.5
CS15,MP5,after,56.4
CS15,MP6,after,45
CS15,MP7,after,55.8
CS16,MP1,after,56.9
CS16,MP2,after,57.5
CS16,MP3,after,62.9
CS16,MP4,after,57.2
CS16,MP5,after,59.1
CS16,MP6,after,44.1
CS16,MP7,after,58.2
CS17,MP1,after,63
CS17,MP2,after,59.3
CS17,MP3,after,58
CS17,MP4,after,58.7
CS17,MP5,after,59.1
CS17,MP6,after,46.9
CS17,MP7,after,58.2
CS18,MP1,after,61.9
CS18,MP2,after,60.2
CS18,MP3,after,55.5
CS18,MP4,after,61.6
CS18,MP5,after,64.6
CS18,MP6,after,49.8
CS18,MP7,after,63.1
CS19,MP1,after,58.9
CS19,MP2,after,61
CS19,MP3,after,61.3
CS19,MP4,after,60.2
CS19,MP5,after,63.2
CS19,MP6,after,48.8
CS19,MP7,after,64.3
CS20,MP1,after,70
CS20,MP2,after,62.8
CS20,MP3,after,63.7
CS20,MP4,after,62.4
CS20,MP5,after,64.6
CS20,MP6,after,47.9
CS20,MP7,after,66.7
CS21,MP1,after,65
CS21,MP2,after,66.4
CS21,MP3,after,71
CS21,MP4,after,65.3
CS21,MP5,after,67.3
CS21,MP6,after,51.7
CS21,MP7,after,66.7
CS22,MP1,after,69
CS22,MP2,after,67.3
CS22,MP3,after,65.3
CS22,MP4,after,68.3
CS22,MP5,after,71.4
CS22,MP6,after,52.6
CS22,MP7,after,70.4
CS23,MP1,after,70
CS23,MP2,after,69
CS23,MP3,after,65.3
CS23,MP4,after,66.8
CS23,MP5,after,67.3
CS23,MP6,after,51.7
CS23,MP7,after,69.2
CS24,MP1,after,65
CS24,MP2,after,70.8
CS24,MP3,after,67.8
CS24,MP4,after,69.8
CS24,MP5,after,70
CS24,MP6,after,51.7
CS24,MP7,after,75.4
CS25,MP1,after,69
CS25,MP2,after,72.6
CS25,MP3,after,74.3
CS25,MP4,after,72.1
CS25,MP5,after,71.4
CS25,MP6,after,58.2
CS25,MP7,after,75.4
CS26,MP1,after,73.1
CS26,MP2,after,67.3
CS26,MP3,after,77.5
CS26,MP4,after,72.9
CS26,MP5,after,78.1
CS26,MP6,after,61
CS26,MP7,after,74.1
CS27,MP1,after,73.1
CS27,MP2,after,77.8
CS27,MP3,after,73.4
CS27,MP4,after,76.7
CS27,MP5,after,76.7
CS27,MP6,after,51.7
CS27,MP7,after,81.7
CS28,MP1,after,80.2
CS28,MP2,after,71.7
CS28,MP3,after,79.9
CS28,MP4,after,74.4
CS28,MP5,after,63.2
CS28,MP6,after,55.4
CS28,MP7,after,76.6
CS29,MP1,after,72.1
CS29,MP2,after,76.1
CS29,MP3,after,79.9
CS29,MP4,after,72.9
CS29,MP5,after,71.4
CS29,MP6,after,58.2
CS29,MP7,after,77.9
CS30,MP1,after,81.2
CS30,MP2,after,79.6
CS30,MP3,after,79.9
CS30,MP4,after,79.8
CS30,MP5,after,84.7
CS30,MP6,after,62.9
CS30,MP7,after,77.9
CS31,MP1,after,78.2
CS31,MP2,after,85.7
CS31,MP3,after,75.9
CS31,MP4,after,82.1
CS31,MP5,after,79.4
CS31,MP6,after,61
CS31,MP7,after,84.3
CS32,MP1,after,83.3
CS32,MP2,after,78.7
CS32,MP3,after,75.1
CS32,MP4,after,81.3
CS32,MP5,after,82.1
CS32,MP6,after,64.7
CS32,MP7,after,85.6
CS33,MP1,after,83.3
CS33,MP2,after,85.7
CS33,MP3,after,88.8
CS33,MP4,after,84.5
CS33,MP5,after,83.4
CS33,MP6,after,67.5
CS33,MP7,after,89.4
CS34,MP1,after,85.3
CS34,MP2,after,88.3
CS34,MP3,after,88.8
CS34,MP4,after,86.1
CS34,MP5,after,84.7
CS34,MP6,after,66.6
CS34,MP7,after,85.6
CS35,MP1,after,87.3
CS35,MP2,after,89.2
CS35,MP3,after,97.6
CS35,MP4,after,89.2
CS35,MP5,after,92.6
CS35,MP6,after,73
CS35,MP7,after,90.7
CS36,MP1,after,94.5
CS36,MP2,after,104.8
CS36,MP3,after,94.4
CS36,MP4,after,104
CS36,MP5,after,97.8
CS36,MP6,after,81.2
CS36,MP7,after,94.7
CS37,MP1,after,101.7
CS37,MP2,after,96.1
CS37,MP3,after,97.6
CS37,MP4,after,96.5
CS37,MP5,after,96.5
CS37,MP6,after,81.2
CS37,MP7,after,96
CS38,MP1,after,104.8
CS38,MP2,after,100.5
CS38,MP3,after,107.2
CS38,MP4,after,105.7
CS38,MP5,after,105.5
CS38,MP6,after,81.2
CS38,MP7,after,98.7
CS39,MP1,after,109.9
CS39,MP2,after,108.2
CS39,MP3,after,107.2
CS39,MP4,after,113.3
CS39,MP5,after,111.8
CS39,MP6,after,88.4
CS39,MP7,after,102.7
CS40,MP1,after,120.2
CS40,MP2,after,115.9
CS40,MP3,after,112.8
CS40,MP4,after,116.8
CS40,MP5,after,114.4
CS40,MP6,after,91.1
CS40,MP7,after,104
